CustomerID,Recency,Monetary,Frequency,R_Score,F_Score,M_Score,RFM_Score,Segment
CUST10000,13,21265.49,23,4,3,2,432,Potential Loyalists
CUST10001,35,28654.31,30,3,5,5,355,Loyal Customers
CUST10002,18,23884.03,24,4,3,3,433,Loyal Customers
CUST10003,81,24206.03,25,1,4,3,143,At Risk
CUST10004,8,25565.3,19,5,1,4,514,Others
CUST10005,24,29459.82,29,4,5,5,455,Champions
CUST10006,11,27922.36,28,5,5,5,555,Champions
CUST10007,86,14957.060000000001,15,1,1,1,111,Lost
CUST10008,3,19479.25,19,5,1,2,512,Others
CUST10009,7,22832.83,25,5,4,3,543,Loyal Customers
CUST10010,14,20932.93,20,4,2,2,422,Potential Loyalists
CUST10011,17,23159.47,22,4,2,3,423,Potential Loyalists
CUST10012,59,26626.07,28,2,5,4,254,At Risk
CUST10013,13,14536.66,19,4,1,1,411,Others
CUST10014,32,23325.0,21,3,2,3,323,Others
CUST10015,6,26315.71,20,5,2,4,524,Potential Loyalists
CUST10016,4,24607.24,24,5,3,4,534,Loyal Customers
CUST10017,42,21241.48,25,3,4,2,342,Others
CUST10018,72,20383.920000000002,19,2,1,2,212,New Customers
CUST10019,155,24529.64,25,1,4,4,144,At Risk
CUST10020,4,19111.420000000002,22,5,2,2,522,Potential Loyalists
CUST10021,19,18806.9,20,4,2,2,422,Potential Loyalists
CUST10022,60,21368.65,15,2,1,3,213,Others
CUST10023,79,30622.22,27,1,4,5,145,At Risk
CUST10024,8,25362.43,24,5,3,4,534,Loyal Customers
CUST10025,4,14074.550000000001,19,5,1,1,511,Others
CUST10026,69,23621.41,25,2,4,3,243,At Risk
CUST10027,30,22327.31,20,3,2,3,323,Others
CUST10028,11,18921.46,18,5,1,2,512,Others
CUST10029,41,27318.86,24,3,3,4,334,Loyal Customers
CUST10030,72,15128.23,17,2,1,1,211,New Customers
CUST10031,35,25724.97,23,3,3,4,334,Loyal Customers
CUST10032,44,30688.059999999998,27,2,4,5,245,At Risk
CUST10033,1,12485.71,16,5,1,1,511,Others
CUST10034,153,30387.64,21,1,2,5,125,Lost
CUST10035,29,32232.78,30,3,5,5,355,Loyal Customers
CUST10036,39,12860.83,17,3,1,1,311,Others
CUST10037,107,27130.43,27,1,4,4,144,At Risk
CUST10038,18,23476.27,24,4,3,3,433,Loyal Customers
CUST10039,58,23178.100000000002,22,2,2,3,223,Others
CUST10040,9,24650.49,23,5,3,4,534,Loyal Customers
CUST10041,95,18174.28,21,1,2,2,122,Lost
CUST10042,69,18488.29,17,2,1,2,212,New Customers
CUST10043,29,29659.3,30,3,5,5,355,Loyal Customers
CUST10044,111,28420.190000000002,23,1,3,5,135,At Risk
CUST10045,11,26609.66,27,5,4,4,544,Champions
CUST10046,11,30458.69,30,5,5,5,555,Champions
CUST10047,30,19168.239999999998,18,3,1,2,312,Others
CUST10048,30,19989.84,18,3,1,2,312,Others
CUST10049,16,35725.15,34,4,5,5,455,Champions
CUST10050,16,19831.64,17,4,1,2,412,Others
CUST10051,23,24862.97,23,4,3,4,434,Loyal Customers
CUST10052,114,22263.09,23,1,3,3,133,At Risk
CUST10053,29,41674.56,30,3,5,5,355,Loyal Customers
CUST10054,20,36861.79,33,4,5,5,455,Champions
CUST10055,5,26342.37,27,5,4,4,544,Champions
CUST10056,32,32921.23,30,3,5,5,355,Loyal Customers
CUST10057,131,21213.26,21,1,2,2,122,Lost
CUST10058,61,22180.19,24,2,3,3,233,At Risk
CUST10059,19,21670.18,23,4,3,3,433,Loyal Customers
CUST10060,32,29647.63,26,3,4,5,345,Loyal Customers
CUST10061,5,19094.82,21,5,2,2,522,Potential Loyalists
CUST10062,18,30194.73,27,4,4,5,445,Champions
CUST10063,72,19584.72,22,2,2,2,222,New Customers
CUST10064,33,20293.07,26,3,4,2,342,Others
CUST10065,104,15173.99,13,1,1,1,111,Lost
CUST10066,26,16980.34,19,3,1,1,311,Others
CUST10067,178,28540.52,27,1,4,5,145,At Risk
CUST10068,35,26811.92,20,3,2,4,324,Big Spenders
CUST10069,7,29745.91,27,5,4,5,545,Champions
CUST10070,28,23412.36,25,3,4,3,343,Loyal Customers
CUST10071,50,21414.22,27,2,4,3,243,At Risk
CUST10072,62,19269.82,20,2,2,2,222,New Customers
CUST10073,7,25019.24,22,5,2,4,524,Potential Loyalists
CUST10074,73,15022.48,18,2,1,1,211,New Customers
CUST10075,30,14250.63,16,3,1,1,311,Others
CUST10076,16,34412.15,27,4,4,5,445,Champions
CUST10077,145,15500.23,13,1,1,1,111,Lost
CUST10078,171,19157.39,21,1,2,2,122,Lost
CUST10079,183,27773.87,25,1,4,4,144,At Risk
CUST10080,162,15268.83,14,1,1,1,111,Lost
CUST10081,19,25631.41,28,4,5,4,454,Champions
CUST10082,37,31861.25,31,3,5,5,355,Loyal Customers
CUST10083,77,24797.15,24,2,3,4,234,At Risk
CUST10084,18,20105.38,20,4,2,2,422,Potential Loyalists
CUST10085,39,22091.69,24,3,3,3,333,Loyal Customers
CUST10086,11,21872.11,23,5,3,3,533,Loyal Customers
CUST10087,1,15909.34,18,5,1,1,511,Others
CUST10088,2,24331.62,22,5,2,3,523,Potential Loyalists
CUST10089,126,17913.55,23,1,3,1,131,At Risk
CUST10090,26,25428.010000000002,26,3,4,4,344,Loyal Customers
CUST10091,101,14476.47,16,1,1,1,111,Lost
CUST10092,92,17625.85,22,1,2,1,121,Lost
CUST10093,76,23731.27,26,2,4,3,243,At Risk
CUST10094,8,18993.77,20,5,2,2,522,Potential Loyalists
CUST10095,3,31143.28,26,5,4,5,545,Champions
CUST10096,21,24580.510000000002,28,4,5,4,454,Champions
CUST10097,244,20866.06,19,1,1,2,112,Lost
CUST10098,20,25677.14,29,4,5,4,454,Champions
CUST10099,85,19215.59,20,1,2,2,122,Lost
CUST10100,11,22368.02,26,5,4,3,543,Loyal Customers
CUST10101,43,31308.12,30,2,5,5,255,At Risk
CUST10102,22,28145.06,25,4,4,5,445,Champions
CUST10103,6,17131.91,19,5,1,1,511,Others
CUST10104,40,25287.92,29,3,5,4,354,Loyal Customers
CUST10105,1,15460.380000000001,17,5,1,1,511,Others
CUST10106,132,28357.190000000002,23,1,3,5,135,At Risk
CUST10107,31,29891.15,31,3,5,5,355,Loyal Customers
CUST10108,59,17499.82,21,2,2,1,221,New Customers
CUST10109,16,19262.11,20,4,2,2,422,Potential Loyalists
CUST10110,4,19104.42,19,5,1,2,512,Others
CUST10111,25,26939.12,29,3,5,4,354,Loyal Customers
CUST10112,11,28662.05,24,5,3,5,535,Loyal Customers
CUST10113,6,29867.71,27,5,4,5,545,Champions
CUST10114,105,23163.03,24,1,3,3,133,At Risk
CUST10115,33,15766.28,18,3,1,1,311,Others
CUST10116,17,26530.97,19,4,1,4,414,Others
CUST10117,3,23458.25,30,5,5,3,553,Loyal Customers
CUST10118,53,17262.89,19,2,1,1,211,New Customers
CUST10119,27,23284.31,22,3,2,3,323,Others
CUST10120,63,24587.02,17,2,1,4,214,Others
CUST10121,16,21757.67,24,4,3,3,433,Loyal Customers
CUST10122,37,12595.31,12,3,1,1,311,Others
CUST10123,25,13590.87,17,3,1,1,311,Others
CUST10124,128,31363.84,30,1,5,5,155,At Risk
CUST10125,57,20067.81,21,2,2,2,222,New Customers
CUST10126,32,19025.72,19,3,1,2,312,Others
CUST10127,27,22845.44,25,3,4,3,343,Loyal Customers
CUST10128,51,31648.97,23,2,3,5,235,At Risk
CUST10129,8,19982.36,25,5,4,2,542,Potential Loyalists
CUST10130,69,23137.079999999998,25,2,4,3,243,At Risk
CUST10131,5,32229.5,30,5,5,5,555,Champions
CUST10132,43,15169.539999999999,19,2,1,1,211,New Customers
CUST10133,9,17839.95,22,5,2,1,521,Others
CUST10134,88,26477.91,28,1,5,4,154,At Risk
CUST10135,10,26564.24,30,5,5,4,554,Champions
CUST10136,25,29558.13,37,3,5,5,355,Loyal Customers
CUST10137,5,14635.65,14,5,1,1,511,Others
CUST10138,62,23618.99,20,2,2,3,223,Others
CUST10139,81,22869.38,22,1,2,3,123,Lost
CUST10140,40,18191.01,18,3,1,2,312,Others
CUST10141,105,26893.44,20,1,2,4,124,Lost
CUST10142,104,18384.71,21,1,2,2,122,Lost
CUST10143,33,24155.01,25,3,4,3,343,Loyal Customers
CUST10144,3,28005.14,31,5,5,5,555,Champions
CUST10145,1,17762.440000000002,20,5,2,1,521,Others
CUST10146,138,19410.93,20,1,2,2,122,Lost
CUST10147,83,21808.06,24,1,3,3,133,At Risk
CUST10148,40,33617.24,34,3,5,5,355,Loyal Customers
CUST10149,49,24635.16,28,2,5,4,254,At Risk
CUST10150,93,19246.11,19,1,1,2,112,Lost
CUST10151,210,26887.19,25,1,4,4,144,At Risk
CUST10152,3,29234.49,26,5,4,5,545,Champions
CUST10153,33,20399.19,21,3,2,2,322,Others
CUST10154,272,20635.04,23,1,3,2,132,At Risk
CUST10155,38,16764.21,19,3,1,1,311,Others
CUST10156,174,16016.11,17,1,1,1,111,Lost
CUST10157,2,23516.38,32,5,5,3,553,Loyal Customers
CUST10158,7,29484.010000000002,24,5,3,5,535,Loyal Customers
CUST10159,171,21495.83,20,1,2,3,123,Lost
CUST10160,70,33240.71,28,2,5,5,255,At Risk
CUST10161,296,28065.93,26,1,4,5,145,At Risk
CUST10162,42,16671.719999999998,15,3,1,1,311,Others
CUST10163,13,25634.43,27,4,4,4,444,Champions
CUST10164,9,26321.66,21,5,2,4,524,Potential Loyalists
CUST10165,11,19192.62,26,5,4,2,542,Potential Loyalists
CUST10166,18,20249.47,20,4,2,2,422,Potential Loyalists
CUST10167,25,15608.84,18,3,1,1,311,Others
CUST10168,50,11735.21,13,2,1,1,211,New Customers
CUST10169,75,19834.11,23,2,3,2,232,At Risk
CUST10170,59,18648.32,23,2,3,2,232,At Risk
CUST10171,70,26021.7,25,2,4,4,244,At Risk
CUST10172,32,33993.03,26,3,4,5,345,Loyal Customers
CUST10173,11,22324.73,19,5,1,3,513,Others
CUST10174,1,29017.0,29,5,5,5,555,Champions
CUST10175,169,20311.489999999998,20,1,2,2,122,Lost
CUST10176,63,32829.85,29,2,5,5,255,At Risk
CUST10177,3,22238.59,22,5,2,3,523,Potential Loyalists
CUST10178,49,27393.78,31,2,5,4,254,At Risk
CUST10179,42,36781.37,32,3,5,5,355,Loyal Customers
CUST10180,10,33987.78,34,5,5,5,555,Champions
CUST10181,84,27047.95,22,1,2,4,124,Lost
CUST10182,8,34487.06,32,5,5,5,555,Champions
CUST10183,2,27556.79,26,5,4,4,544,Champions
CUST10184,74,30228.38,25,2,4,5,245,At Risk
CUST10185,9,19254.170000000002,23,5,3,2,532,Potential Loyalists
CUST10186,27,25731.73,22,3,2,4,324,Big Spenders
CUST10187,14,37627.78,30,4,5,5,455,Champions
CUST10188,1,22906.420000000002,24,5,3,3,533,Loyal Customers
CUST10189,75,17311.5,18,2,1,1,211,New Customers
CUST10190,133,21310.69,26,1,4,2,142,At Risk
CUST10191,12,19792.84,20,4,2,2,422,Potential Loyalists
CUST10192,60,26193.06,24,2,3,4,234,At Risk
CUST10193,94,26881.66,24,1,3,4,134,At Risk
CUST10194,16,23410.05,26,4,4,3,443,Loyal Customers
CUST10195,10,28863.54,30,5,5,5,555,Champions
CUST10196,6,37738.94,35,5,5,5,555,Champions
CUST10197,7,26897.07,26,5,4,4,544,Champions
CUST10198,17,10974.66,15,4,1,1,411,Others
CUST10199,43,28694.82,26,2,4,5,245,At Risk
CUST10200,7,22765.35,24,5,3,3,533,Loyal Customers
CUST10201,9,32752.44,37,5,5,5,555,Champions
CUST10202,21,15720.880000000001,17,4,1,1,411,Others
CUST10203,139,28432.829999999998,28,1,5,5,155,At Risk
CUST10204,7,25724.35,23,5,3,4,534,Loyal Customers
CUST10205,55,26565.7,24,2,3,4,234,At Risk
CUST10206,59,26817.06,27,2,4,4,244,At Risk
CUST10207,11,28952.6,26,5,4,5,545,Champions
CUST10208,8,17657.55,16,5,1,1,511,Others
CUST10209,30,16856.76,19,3,1,1,311,Others
CUST10210,176,18133.04,27,1,4,1,141,At Risk
CUST10211,55,25814.05,32,2,5,4,254,At Risk
CUST10212,18,17665.76,22,4,2,1,421,Others
CUST10213,29,28117.87,26,3,4,5,345,Loyal Customers
CUST10214,38,29119.829999999998,26,3,4,5,345,Loyal Customers
CUST10215,29,25493.96,24,3,3,4,334,Loyal Customers
CUST10216,122,20627.49,24,1,3,2,132,At Risk
CUST10217,5,27910.2,26,5,4,5,545,Champions
CUST10218,20,23642.45,23,4,3,3,433,Loyal Customers
CUST10219,76,21800.85,17,2,1,3,213,Others
CUST10220,3,30040.29,38,5,5,5,555,Champions
CUST10221,100,28872.22,33,1,5,5,155,At Risk
CUST10222,119,20515.54,21,1,2,2,122,Lost
CUST10223,35,26611.329999999998,25,3,4,4,344,Loyal Customers
CUST10224,255,19854.87,17,1,1,2,112,Lost
CUST10225,3,18310.12,20,5,2,2,522,Potential Loyalists
CUST10226,115,22484.42,24,1,3,3,133,At Risk
CUST10227,4,26177.49,25,5,4,4,544,Champions
CUST10228,18,18761.56,18,4,1,2,412,Others
CUST10229,109,25941.54,28,1,5,4,154,At Risk
CUST10230,97,26053.58,26,1,4,4,144,At Risk
CUST10231,33,30189.899999999998,26,3,4,5,345,Loyal Customers
CUST10232,72,18169.69,20,2,2,2,222,New Customers
CUST10233,78,21753.15,29,1,5,3,153,At Risk
CUST10234,20,25985.53,29,4,5,4,454,Champions
CUST10235,62,18960.97,15,2,1,2,212,New Customers
CUST10236,33,25533.07,25,3,4,4,344,Loyal Customers
CUST10237,4,23003.62,26,5,4,3,543,Loyal Customers
CUST10238,25,18026.81,23,3,3,1,331,Others
CUST10239,41,24657.649999999998,25,3,4,4,344,Loyal Customers
CUST10240,30,31716.04,26,3,4,5,345,Loyal Customers
CUST10241,1,23078.56,24,5,3,3,533,Loyal Customers
CUST10242,15,22193.59,22,4,2,3,423,Potential Loyalists
CUST10243,235,20192.31,22,1,2,2,122,Lost
CUST10244,6,25126.35,25,5,4,4,544,Champions
CUST10245,76,24918.34,25,2,4,4,244,At Risk
CUST10246,29,18971.760000000002,17,3,1,2,312,Others
CUST10247,11,20336.21,21,5,2,2,522,Potential Loyalists
CUST10248,56,28416.74,29,2,5,5,255,At Risk
CUST10249,10,36299.340000000004,34,5,5,5,555,Champions
CUST10250,55,18388.43,16,2,1,2,212,New Customers
CUST10251,34,24794.8,26,3,4,4,344,Loyal Customers
CUST10252,93,20494.03,23,1,3,2,132,At Risk
CUST10253,75,18394.41,21,2,2,2,222,New Customers
CUST10254,9,19834.68,22,5,2,2,522,Potential Loyalists
CUST10255,67,15826.8,17,2,1,1,211,New Customers
CUST10256,108,15676.9,20,1,2,1,121,Lost
CUST10257,19,25727.93,27,4,4,4,444,Champions
CUST10258,1,27262.46,28,5,5,4,554,Champions
CUST10259,7,29175.21,26,5,4,5,545,Champions
CUST10260,13,25294.31,21,4,2,4,424,Potential Loyalists
CUST10261,171,14372.08,13,1,1,1,111,Lost
CUST10262,37,17247.75,23,3,3,1,331,Others
CUST10263,26,31098.39,30,3,5,5,355,Loyal Customers
CUST10264,19,21797.739999999998,25,4,4,3,443,Loyal Customers
CUST10265,15,31026.35,26,4,4,5,445,Champions
CUST10266,11,15172.89,12,5,1,1,511,Others
CUST10267,126,22989.25,24,1,3,3,133,At Risk
CUST10268,76,24084.600000000002,26,2,4,3,243,At Risk
CUST10269,29,27376.14,28,3,5,4,354,Loyal Customers
CUST10270,58,23137.39,25,2,4,3,243,At Risk
CUST10271,111,19122.53,23,1,3,2,132,At Risk
CUST10272,70,18281.28,17,2,1,2,212,New Customers
CUST10273,136,20051.489999999998,25,1,4,2,142,At Risk
CUST10274,84,26545.71,24,1,3,4,134,At Risk
CUST10275,22,25884.08,23,4,3,4,434,Loyal Customers
CUST10276,14,16685.07,17,4,1,1,411,Others
CUST10277,24,15207.33,15,4,1,1,411,Others
CUST10278,18,9333.33,10,4,1,1,411,Others
CUST10279,33,22648.98,25,3,4,3,343,Loyal Customers
CUST10280,20,17175.13,13,4,1,1,411,Others
CUST10281,41,15444.86,15,3,1,1,311,Others
CUST10282,10,24158.98,23,5,3,3,533,Loyal Customers
CUST10283,78,17883.73,15,1,1,1,111,Lost
CUST10284,94,25132.89,25,1,4,4,144,At Risk
CUST10285,12,30398.510000000002,25,4,4,5,445,Champions
CUST10286,9,20066.02,24,5,3,2,532,Potential Loyalists
CUST10287,30,29505.89,28,3,5,5,355,Loyal Customers
CUST10288,41,19385.53,22,3,2,2,322,Others
CUST10289,34,18164.57,21,3,2,2,322,Others
CUST10290,8,32842.08,33,5,5,5,555,Champions
CUST10291,43,20962.68,18,2,1,2,212,New Customers
CUST10292,72,25271.47,23,2,3,4,234,At Risk
CUST10293,11,16185.49,18,5,1,1,511,Others
CUST10294,76,14302.2,17,2,1,1,211,New Customers
CUST10295,32,20208.21,23,3,3,2,332,Others
CUST10296,125,17165.6,19,1,1,1,111,Lost
CUST10297,36,14440.26,18,3,1,1,311,Others
CUST10298,9,26857.73,29,5,5,4,554,Champions
CUST10299,91,23217.47,20,1,2,3,123,Lost
CUST10300,183,18116.19,22,1,2,1,121,Lost
CUST10301,29,30995.96,25,3,4,5,345,Loyal Customers
CUST10302,68,19644.81,20,2,2,2,222,New Customers
CUST10303,21,16470.4,15,4,1,1,411,Others
CUST10304,2,18496.13,20,5,2,2,522,Potential Loyalists
CUST10305,1,20016.68,22,5,2,2,522,Potential Loyalists
CUST10306,10,14432.630000000001,17,5,1,1,511,Others
CUST10307,50,31478.9,32,2,5,5,255,At Risk
CUST10308,8,26316.02,24,5,3,4,534,Loyal Customers
CUST10309,4,23864.97,24,5,3,3,533,Loyal Customers
CUST10310,40,14499.86,16,3,1,1,311,Others
CUST10311,45,25459.65,25,2,4,4,244,At Risk
CUST10312,21,35451.32,28,4,5,5,455,Champions
CUST10313,8,23931.46,21,5,2,3,523,Potential Loyalists
CUST10314,54,18672.7,15,2,1,2,212,New Customers
CUST10315,4,15115.08,17,5,1,1,511,Others
CUST10316,8,18596.31,22,5,2,2,522,Potential Loyalists
CUST10317,108,16497.14,16,1,1,1,111,Lost
CUST10318,36,27981.69,29,3,5,5,355,Loyal Customers
CUST10319,152,21905.18,21,1,2,3,123,Lost
CUST10320,2,31877.22,29,5,5,5,555,Champions
CUST10321,126,22256.43,22,1,2,3,123,Lost
CUST10322,33,18342.27,17,3,1,2,312,Others
CUST10323,34,25091.57,25,3,4,4,344,Loyal Customers
CUST10324,248,15207.19,22,1,2,1,121,Lost
CUST10325,6,25205.83,25,5,4,4,544,Champions
CUST10326,23,29754.95,25,4,4,5,445,Champions
CUST10327,39,20183.579999999998,23,3,3,2,332,Others
CUST10328,38,18712.44,22,3,2,2,322,Others
CUST10329,7,29564.45,31,5,5,5,555,Champions
CUST10330,98,18284.309999999998,23,1,3,2,132,At Risk
CUST10331,39,26956.12,29,3,5,4,354,Loyal Customers
CUST10332,103,19041.32,24,1,3,2,132,At Risk
CUST10333,48,16183.95,17,2,1,1,211,New Customers
CUST10334,7,24120.74,21,5,2,3,523,Potential Loyalists
CUST10335,151,22535.25,23,1,3,3,133,At Risk
CUST10336,47,23750.21,25,2,4,3,243,At Risk
CUST10337,34,13154.14,17,3,1,1,311,Others
CUST10338,20,27838.98,24,4,3,5,435,Loyal Customers
CUST10339,31,28088.33,28,3,5,5,355,Loyal Customers
CUST10340,69,18865.08,18,2,1,2,212,New Customers
CUST10341,52,26182.71,26,2,4,4,244,At Risk
CUST10342,30,29582.62,24,3,3,5,335,Loyal Customers
CUST10343,41,11823.91,14,3,1,1,311,Others
CUST10344,48,27523.82,23,2,3,4,234,At Risk
CUST10345,8,28009.44,28,5,5,5,555,Champions
CUST10346,28,16081.25,15,3,1,1,311,Others
CUST10347,3,27264.44,27,5,4,4,544,Champions
CUST10348,6,21882.21,23,5,3,3,533,Loyal Customers
CUST10349,187,19554.46,17,1,1,2,112,Lost
CUST10350,3,12931.73,13,5,1,1,511,Others
CUST10351,28,24787.75,25,3,4,4,344,Loyal Customers
CUST10352,96,32522.82,31,1,5,5,155,At Risk
CUST10353,53,31410.55,23,2,3,5,235,At Risk
CUST10354,33,24639.65,23,3,3,4,334,Loyal Customers
CUST10355,77,26167.15,28,2,5,4,254,At Risk
CUST10356,14,18417.12,22,4,2,2,422,Potential Loyalists
CUST10357,45,26103.07,25,2,4,4,244,At Risk
CUST10358,50,24876.32,25,2,4,4,244,At Risk
CUST10359,20,17738.94,20,4,2,1,421,Others
CUST10360,35,23409.420000000002,23,3,3,3,333,Loyal Customers
CUST10361,95,28268.23,28,1,5,5,155,At Risk
CUST10362,48,26819.54,22,2,2,4,224,Others
CUST10363,44,17746.75,16,2,1,1,211,New Customers
CUST10364,8,18791.39,21,5,2,2,522,Potential Loyalists
CUST10365,6,28124.5,26,5,4,5,545,Champions
CUST10366,36,20667.09,27,3,4,2,342,Others
CUST10367,71,29118.91,22,2,2,5,225,Others
CUST10368,55,24060.63,24,2,3,3,233,At Risk
CUST10369,71,20250.28,22,2,2,2,222,New Customers
CUST10370,10,20439.829999999998,26,5,4,2,542,Potential Loyalists
CUST10371,6,23626.18,28,5,5,3,553,Loyal Customers
CUST10372,125,23762.14,23,1,3,3,133,At Risk
CUST10373,66,35231.82,33,2,5,5,255,At Risk
CUST10374,23,24714.77,20,4,2,4,424,Potential Loyalists
CUST10375,104,24832.72,23,1,3,4,134,At Risk
CUST10376,174,27013.37,25,1,4,4,144,At Risk
CUST10377,28,23338.16,24,3,3,3,333,Loyal Customers
CUST10378,14,16664.32,22,4,2,1,421,Others
CUST10379,19,20526.54,18,4,1,2,412,Others
CUST10380,117,32543.13,31,1,5,5,155,At Risk
CUST10381,5,27119.18,29,5,5,4,554,Champions
CUST10382,112,22476.77,19,1,1,3,113,Lost
CUST10383,33,23207.57,31,3,5,3,353,Loyal Customers
CUST10384,14,27666.87,21,4,2,4,424,Potential Loyalists
CUST10385,99,22158.34,27,1,4,3,143,At Risk
CUST10386,1,27051.63,30,5,5,4,554,Champions
CUST10387,6,26692.97,23,5,3,4,534,Loyal Customers
CUST10388,22,32326.49,28,4,5,5,455,Champions
CUST10389,179,24616.37,28,1,5,4,154,At Risk
CUST10390,82,16754.84,22,1,2,1,121,Lost
CUST10391,45,18750.09,18,2,1,2,212,New Customers
CUST10392,12,24657.03,26,4,4,4,444,Champions
CUST10393,5,24115.670000000002,26,5,4,3,543,Loyal Customers
CUST10394,34,26865.66,28,3,5,4,354,Loyal Customers
CUST10395,53,28101.46,27,2,4,5,245,At Risk
CUST10396,50,14578.1,14,2,1,1,211,New Customers
CUST10397,83,26216.31,26,1,4,4,144,At Risk
CUST10398,4,29351.969999999998,31,5,5,5,555,Champions
CUST10399,144,15190.41,23,1,3,1,131,At Risk
CUST10400,84,20398.02,24,1,3,2,132,At Risk
CUST10401,51,24080.4,22,2,2,3,223,Others
CUST10402,187,26339.09,27,1,4,4,144,At Risk
CUST10403,39,23504.260000000002,20,3,2,3,323,Others
CUST10404,18,31433.0,35,4,5,5,455,Champions
CUST10405,43,27028.29,24,2,3,4,234,At Risk
CUST10406,97,21082.18,23,1,3,2,132,At Risk
CUST10407,34,25355.18,20,3,2,4,324,Big Spenders
CUST10408,12,22734.39,26,4,4,3,443,Loyal Customers
CUST10409,29,17380.76,16,3,1,1,311,Others
CUST10410,205,15991.630000000001,18,1,1,1,111,Lost
CUST10411,43,27754.78,23,2,3,4,234,At Risk
CUST10412,17,19488.42,16,4,1,2,412,Others
CUST10413,134,37479.39,36,1,5,5,155,At Risk
CUST10414,119,23287.03,21,1,2,3,123,Lost
CUST10415,11,18333.37,23,5,3,2,532,Potential Loyalists
CUST10416,8,28346.89,35,5,5,5,555,Champions
CUST10417,20,20034.13,18,4,1,2,412,Others
CUST10418,117,17236.89,17,1,1,1,111,Lost
CUST10419,51,20050.72,17,2,1,2,212,New Customers
CUST10420,30,23912.59,26,3,4,3,343,Loyal Customers
CUST10421,3,24908.09,21,5,2,4,524,Potential Loyalists
CUST10422,9,23196.78,24,5,3,3,533,Loyal Customers
CUST10423,44,25191.12,22,2,2,4,224,Others
CUST10424,19,19527.69,17,4,1,2,412,Others
CUST10425,60,19349.67,16,2,1,2,212,New Customers
CUST10426,43,25563.51,29,2,5,4,254,At Risk
CUST10427,96,24153.420000000002,22,1,2,3,123,Lost
CUST10428,114,20971.62,17,1,1,2,112,Lost
CUST10429,16,28064.88,24,4,3,5,435,Loyal Customers
CUST10430,22,29706.95,27,4,4,5,445,Champions
CUST10431,55,26226.870000000003,25,2,4,4,244,At Risk
CUST10432,1,18556.52,15,5,1,2,512,Others
CUST10433,11,23058.28,30,5,5,3,553,Loyal Customers
CUST10434,9,25160.510000000002,24,5,3,4,534,Loyal Customers
CUST10435,46,16235.18,18,2,1,1,211,New Customers
CUST10436,82,32200.6,25,1,4,5,145,At Risk
CUST10437,25,25631.36,24,3,3,4,334,Loyal Customers
CUST10438,24,32246.83,33,4,5,5,455,Champions
CUST10439,16,29537.18,31,4,5,5,455,Champions
CUST10440,6,26186.9,25,5,4,4,544,Champions
CUST10441,105,28492.0,26,1,4,5,145,At Risk
CUST10442,113,21343.66,26,1,4,2,142,At Risk
CUST10443,39,19456.51,18,3,1,2,312,Others
CUST10444,32,18653.94,22,3,2,2,322,Others
CUST10445,1,29240.35,23,5,3,5,535,Loyal Customers
CUST10446,37,21858.27,28,3,5,3,353,Loyal Customers
CUST10447,22,22560.22,20,4,2,3,423,Potential Loyalists
CUST10448,3,25991.5,28,5,5,4,554,Champions
CUST10449,20,18602.19,23,4,3,2,432,Potential Loyalists
CUST10450,11,22862.25,22,5,2,3,523,Potential Loyalists
CUST10451,27,27303.59,25,3,4,4,344,Loyal Customers
CUST10452,41,29971.16,23,3,3,5,335,Loyal Customers
CUST10453,30,12774.609999999999,16,3,1,1,311,Others
CUST10454,141,19800.59,19,1,1,2,112,Lost
CUST10455,115,18971.83,20,1,2,2,122,Lost
CUST10456,31,15241.98,16,3,1,1,311,Others
CUST10457,43,22527.05,23,2,3,3,233,At Risk
CUST10458,6,21081.510000000002,25,5,4,2,542,Potential Loyalists
CUST10459,23,28834.02,28,4,5,5,455,Champions
CUST10460,4,12543.38,15,5,1,1,511,Others
CUST10461,17,23804.16,24,4,3,3,433,Loyal Customers
CUST10462,110,24681.54,26,1,4,4,144,At Risk
CUST10463,52,22830.17,27,2,4,3,243,At Risk
CUST10464,34,32103.72,29,3,5,5,355,Loyal Customers
CUST10465,84,30303.12,29,1,5,5,155,At Risk
CUST10466,67,17344.29,20,2,2,1,221,New Customers
CUST10467,55,19161.75,19,2,1,2,212,New Customers
CUST10468,13,20915.600000000002,18,4,1,2,412,Others
CUST10469,19,21606.38,23,4,3,3,433,Loyal Customers
CUST10470,15,34133.31,32,4,5,5,455,Champions
CUST10471,81,18770.56,18,1,1,2,112,Lost
CUST10472,34,13423.43,17,3,1,1,311,Others
CUST10473,74,24677.95,26,2,4,4,244,At Risk
CUST10474,98,24243.05,20,1,2,3,123,Lost
CUST10475,15,30735.6,29,4,5,5,455,Champions
CUST10476,2,24745.04,26,5,4,4,544,Champions
CUST10477,42,38015.78,36,3,5,5,355,Loyal Customers
CUST10478,28,22823.079999999998,22,3,2,3,323,Others
CUST10479,17,25175.66,28,4,5,4,454,Champions
CUST10480,52,23622.42,23,2,3,3,233,At Risk
CUST10481,58,26353.94,31,2,5,4,254,At Risk
CUST10482,11,17982.43,19,5,1,1,511,Others
CUST10483,9,23208.07,20,5,2,3,523,Potential Loyalists
CUST10484,274,12344.25,14,1,1,1,111,Lost
CUST10485,62,21361.2,20,2,2,3,223,Others
CUST10486,36,27366.989999999998,31,3,5,4,354,Loyal Customers
CUST10487,5,19988.829999999998,25,5,4,2,542,Potential Loyalists
CUST10488,44,23454.68,28,2,5,3,253,At Risk
CUST10489,12,22598.11,24,4,3,3,433,Loyal Customers
CUST10490,50,20227.77,24,2,3,2,232,At Risk
CUST10491,109,25702.49,29,1,5,4,154,At Risk
CUST10492,7,12918.77,18,5,1,1,511,Others
CUST10493,11,26996.29,24,5,3,4,534,Loyal Customers
CUST10494,108,21793.38,17,1,1,3,113,Lost
CUST10495,29,24676.8,25,3,4,4,344,Loyal Customers
CUST10496,10,14000.5,17,5,1,1,511,Others
CUST10497,3,26715.21,20,5,2,4,524,Potential Loyalists
CUST10498,68,24983.58,28,2,5,4,254,At Risk
CUST10499,39,24403.17,34,3,5,4,354,Loyal Customers
CUST10500,20,19431.67,20,4,2,2,422,Potential Loyalists
CUST10501,8,24102.59,24,5,3,3,533,Loyal Customers
CUST10502,427,16877.14,13,1,1,1,111,Lost
CUST10503,52,32895.08,27,2,4,5,245,At Risk
CUST10504,54,18183.96,23,2,3,2,232,At Risk
CUST10505,37,29488.329999999998,23,3,3,5,335,Loyal Customers
CUST10506,76,22851.21,23,2,3,3,233,At Risk
CUST10507,68,24291.75,22,2,2,3,223,Others
CUST10508,96,24280.63,25,1,4,3,143,At Risk
CUST10509,60,23895.11,22,2,2,3,223,Others
CUST10510,59,44367.33,30,2,5,5,255,At Risk
CUST10511,7,27033.89,26,5,4,4,544,Champions
CUST10512,46,19954.23,17,2,1,2,212,New Customers
CUST10513,9,22078.86,21,5,2,3,523,Potential Loyalists
CUST10514,23,16999.03,18,4,1,1,411,Others
CUST10515,11,18359.62,20,5,2,2,522,Potential Loyalists
CUST10516,53,22987.87,26,2,4,3,243,At Risk
CUST10517,87,33278.66,29,1,5,5,155,At Risk
CUST10518,151,24997.65,23,1,3,4,134,At Risk
CUST10519,235,23211.21,19,1,1,3,113,Lost
CUST10520,32,23725.59,20,3,2,3,323,Others
CUST10521,4,15914.19,22,5,2,1,521,Others
CUST10522,40,25568.46,28,3,5,4,354,Loyal Customers
CUST10523,202,20184.81,20,1,2,2,122,Lost
CUST10524,59,25484.43,28,2,5,4,254,At Risk
CUST10525,11,27808.66,27,5,4,4,544,Champions
CUST10526,116,29998.61,25,1,4,5,145,At Risk
CUST10527,15,21700.690000000002,27,4,4,3,443,Loyal Customers
CUST10528,48,24042.98,24,2,3,3,233,At Risk
CUST10529,28,25212.18,24,3,3,4,334,Loyal Customers
CUST10530,76,24954.25,22,2,2,4,224,Others
CUST10531,96,12053.75,17,1,1,1,111,Lost
CUST10532,94,24668.05,27,1,4,4,144,At Risk
CUST10533,20,24125.46,28,4,5,3,453,Loyal Customers
CUST10534,88,28466.57,29,1,5,5,155,At Risk
CUST10535,4,17192.4,16,5,1,1,511,Others
CUST10536,46,24791.83,26,2,4,4,244,At Risk
CUST10537,13,27334.83,23,4,3,4,434,Loyal Customers
CUST10538,52,31479.15,25,2,4,5,245,At Risk
CUST10539,42,31484.36,30,3,5,5,355,Loyal Customers
CUST10540,14,16489.12,19,4,1,1,411,Others
CUST10541,5,22662.22,24,5,3,3,533,Loyal Customers
CUST10542,134,16713.27,18,1,1,1,111,Lost
CUST10543,28,23594.01,21,3,2,3,323,Others
CUST10544,248,28246.6,24,1,3,5,135,At Risk
CUST10545,7,17520.05,14,5,1,1,511,Others
CUST10546,30,25082.3,24,3,3,4,334,Loyal Customers
CUST10547,24,18639.33,20,4,2,2,422,Potential Loyalists
CUST10548,13,19975.7,17,4,1,2,412,Others
CUST10549,64,21075.489999999998,22,2,2,2,222,New Customers
CUST10550,77,27790.88,27,2,4,4,244,At Risk
CUST10551,57,19818.31,20,2,2,2,222,New Customers
CUST10552,27,23023.15,20,3,2,3,323,Others
CUST10553,13,35846.25,37,4,5,5,455,Champions
CUST10554,2,15361.02,20,5,2,1,521,Others
CUST10555,40,24450.46,22,3,2,4,324,Big Spenders
CUST10556,27,22419.6,27,3,4,3,343,Loyal Customers
CUST10557,9,20179.88,20,5,2,2,522,Potential Loyalists
CUST10558,7,24174.97,25,5,4,3,543,Loyal Customers
CUST10559,45,21259.74,22,2,2,2,222,New Customers
CUST10560,25,33199.47,30,3,5,5,355,Loyal Customers
CUST10561,19,31260.399999999998,27,4,4,5,445,Champions
CUST10562,6,19145.15,23,5,3,2,532,Potential Loyalists
CUST10563,69,15543.01,16,2,1,1,211,New Customers
CUST10564,41,19895.95,18,3,1,2,312,Others
CUST10565,60,20021.5,22,2,2,2,222,New Customers
CUST10566,163,19702.72,16,1,1,2,112,Lost
CUST10567,50,23612.49,22,2,2,3,223,Others
CUST10568,94,15812.0,19,1,1,1,111,Lost
CUST10569,12,14672.46,16,4,1,1,411,Others
CUST10570,144,30538.07,29,1,5,5,155,At Risk
CUST10571,230,23517.22,22,1,2,3,123,Lost
CUST10572,3,30455.41,29,5,5,5,555,Champions
CUST10573,18,21276.72,22,4,2,2,422,Potential Loyalists
CUST10574,26,22792.88,21,3,2,3,323,Others
CUST10575,103,20804.21,23,1,3,2,132,At Risk
CUST10576,8,17731.35,23,5,3,1,531,Others
CUST10577,19,15729.6,18,4,1,1,411,Others
CUST10578,120,23728.62,23,1,3,3,133,At Risk
CUST10579,2,24865.74,23,5,3,4,534,Loyal Customers
CUST10580,64,19595.85,25,2,4,2,242,At Risk
CUST10581,37,28350.1,26,3,4,5,345,Loyal Customers
CUST10582,43,19920.72,19,2,1,2,212,New Customers
CUST10583,33,23355.49,26,3,4,3,343,Loyal Customers
CUST10584,28,22445.21,27,3,4,3,343,Loyal Customers
CUST10585,19,28453.03,24,4,3,5,435,Loyal Customers
CUST10586,30,24996.27,28,3,5,4,354,Loyal Customers
CUST10587,2,25311.36,24,5,3,4,534,Loyal Customers
CUST10588,17,17384.76,17,4,1,1,411,Others
CUST10589,2,19556.47,23,5,3,2,532,Potential Loyalists
CUST10590,2,27265.04,26,5,4,4,544,Champions
CUST10591,14,23548.72,27,4,4,3,443,Loyal Customers
CUST10592,63,21528.53,21,2,2,3,223,Others
CUST10593,22,22820.48,23,4,3,3,433,Loyal Customers
CUST10594,23,14673.51,17,4,1,1,411,Others
CUST10595,29,28613.32,24,3,3,5,335,Loyal Customers
CUST10596,1,16789.79,24,5,3,1,531,Others
CUST10597,144,19349.46,19,1,1,2,112,Lost
CUST10598,29,21105.84,24,3,3,2,332,Others
CUST10599,22,17156.22,18,4,1,1,411,Others
CUST10600,76,24352.04,30,2,5,3,253,At Risk
CUST10601,19,22498.58,23,4,3,3,433,Loyal Customers
CUST10602,24,21378.57,23,4,3,3,433,Loyal Customers
CUST10603,109,15887.32,20,1,2,1,121,Lost
CUST10604,60,12536.369999999999,13,2,1,1,211,New Customers
CUST10605,92,16138.39,12,1,1,1,111,Lost
CUST10606,42,22397.899999999998,23,3,3,3,333,Loyal Customers
CUST10607,37,23266.59,22,3,2,3,323,Others
CUST10608,402,21884.45,20,1,2,3,123,Lost
CUST10609,65,18714.42,21,2,2,2,222,New Customers
CUST10610,5,22279.89,23,5,3,3,533,Loyal Customers
CUST10611,2,24531.18,28,5,5,4,554,Champions
CUST10612,5,23820.03,22,5,2,3,523,Potential Loyalists
CUST10613,11,28177.510000000002,28,5,5,5,555,Champions
CUST10614,1,13111.06,17,5,1,1,511,Others
CUST10615,69,21038.27,23,2,3,2,232,At Risk
CUST10616,119,31208.46,32,1,5,5,155,At Risk
CUST10617,41,32881.78,29,3,5,5,355,Loyal Customers
CUST10618,51,19407.46,25,2,4,2,242,At Risk
CUST10619,35,21559.690000000002,18,3,1,3,313,Others
CUST10620,21,20337.14,22,4,2,2,422,Potential Loyalists
CUST10621,45,33635.49,30,2,5,5,255,At Risk
CUST10622,38,12896.12,16,3,1,1,311,Others
CUST10623,134,16212.51,14,1,1,1,111,Lost
CUST10624,9,16533.53,16,5,1,1,511,Others
CUST10625,165,21189.38,24,1,3,2,132,At Risk
CUST10626,117,28290.13,28,1,5,5,155,At Risk
CUST10627,17,21236.11,20,4,2,2,422,Potential Loyalists
CUST10628,76,22541.4,25,2,4,3,243,At Risk
CUST10629,28,15593.1,18,3,1,1,311,Others
CUST10630,6,20283.27,22,5,2,2,522,Potential Loyalists
CUST10631,7,16194.66,22,5,2,1,521,Others
CUST10632,5,31576.39,28,5,5,5,555,Champions
CUST10633,16,30800.47,30,4,5,5,455,Champions
CUST10634,16,18866.87,22,4,2,2,422,Potential Loyalists
CUST10635,76,29768.69,24,2,3,5,235,At Risk
CUST10636,47,16537.71,16,2,1,1,211,New Customers
CUST10637,49,20622.71,23,2,3,2,232,At Risk
CUST10638,143,19509.19,20,1,2,2,122,Lost
CUST10639,149,16082.87,18,1,1,1,111,Lost
CUST10640,33,23559.63,21,3,2,3,323,Others
CUST10641,8,28951.6,28,5,5,5,555,Champions
CUST10642,142,22796.35,24,1,3,3,133,At Risk
CUST10643,24,16071.88,19,4,1,1,411,Others
CUST10644,12,26997.56,30,4,5,4,454,Champions
CUST10645,10,12004.05,13,5,1,1,511,Others
CUST10646,375,21739.28,25,1,4,3,143,At Risk
CUST10647,3,23233.06,25,5,4,3,543,Loyal Customers
CUST10648,55,32054.27,31,2,5,5,255,At Risk
CUST10649,26,33119.41,29,3,5,5,355,Loyal Customers
CUST10650,10,21513.15,25,5,4,3,543,Loyal Customers
CUST10651,157,18382.13,21,1,2,2,122,Lost
CUST10652,102,26380.56,29,1,5,4,154,At Risk
CUST10653,24,18189.23,19,4,1,2,412,Others
CUST10654,17,18645.46,20,4,2,2,422,Potential Loyalists
CUST10655,4,18436.4,20,5,2,2,522,Potential Loyalists
CUST10656,66,23431.77,27,2,4,3,243,At Risk
CUST10657,18,31941.739999999998,28,4,5,5,455,Champions
CUST10658,74,24166.19,28,2,5,3,253,At Risk
CUST10659,24,20372.5,23,4,3,2,432,Potential Loyalists
CUST10660,53,31340.24,30,2,5,5,255,At Risk
CUST10661,1,22575.08,22,5,2,3,523,Potential Loyalists
CUST10662,1,15678.99,18,5,1,1,511,Others
CUST10663,93,17384.0,22,1,2,1,121,Lost
CUST10664,42,15592.0,21,3,2,1,321,Others
CUST10665,49,14124.56,19,2,1,1,211,New Customers
CUST10666,195,18803.96,22,1,2,2,122,Lost
CUST10667,213,16455.95,17,1,1,1,111,Lost
CUST10668,50,15743.57,14,2,1,1,211,New Customers
CUST10669,36,27169.03,29,3,5,4,354,Loyal Customers
CUST10670,37,14649.880000000001,16,3,1,1,311,Others
CUST10671,111,39763.52,34,1,5,5,155,At Risk
CUST10672,15,14824.689999999999,16,4,1,1,411,Others
CUST10673,6,21166.77,19,5,1,2,512,Others
CUST10674,78,21250.829999999998,20,1,2,2,122,Lost
CUST10675,78,28631.71,29,1,5,5,155,At Risk
CUST10676,74,31814.14,25,2,4,5,245,At Risk
CUST10677,9,24491.39,26,5,4,4,544,Champions
CUST10678,55,23609.4,27,2,4,3,243,At Risk
CUST10679,26,23396.93,27,3,4,3,343,Loyal Customers
CUST10680,22,17161.31,17,4,1,1,411,Others
CUST10681,49,19884.08,22,2,2,2,222,New Customers
CUST10682,8,22836.18,21,5,2,3,523,Potential Loyalists
CUST10683,22,29468.39,23,4,3,5,435,Loyal Customers
CUST10684,29,24484.940000000002,29,3,5,4,354,Loyal Customers
CUST10685,196,18089.59,19,1,1,1,111,Lost
CUST10686,62,17468.920000000002,22,2,2,1,221,New Customers
CUST10687,50,23117.41,22,2,2,3,223,Others
CUST10688,70,17971.02,19,2,1,1,211,New Customers
CUST10689,221,22525.14,21,1,2,3,123,Lost
CUST10690,43,29243.81,18,2,1,5,215,Others
CUST10691,110,17465.64,15,1,1,1,111,Lost
CUST10692,19,24359.38,24,4,3,4,434,Loyal Customers
CUST10693,22,21159.38,22,4,2,2,422,Potential Loyalists
CUST10694,22,22082.65,22,4,2,3,423,Potential Loyalists
CUST10695,34,24610.36,27,3,4,4,344,Loyal Customers
CUST10696,37,40035.479999999996,30,3,5,5,355,Loyal Customers
CUST10697,46,31834.3,30,2,5,5,255,At Risk
CUST10698,29,15353.75,15,3,1,1,311,Others
CUST10699,21,23599.96,27,4,4,3,443,Loyal Customers
CUST10700,5,19200.63,17,5,1,2,512,Others
CUST10701,17,21017.69,29,4,5,2,452,Potential Loyalists
CUST10702,101,24844.72,21,1,2,4,124,Lost
CUST10703,55,23938.16,21,2,2,3,223,Others
CUST10704,12,25490.21,23,4,3,4,434,Loyal Customers
CUST10705,60,20825.95,18,2,1,2,212,New Customers
CUST10706,22,22626.21,22,4,2,3,423,Potential Loyalists
CUST10707,18,19681.27,22,4,2,2,422,Potential Loyalists
CUST10708,15,20574.71,19,4,1,2,412,Others
CUST10709,11,21982.81,23,5,3,3,533,Loyal Customers
CUST10710,13,25599.91,31,4,5,4,454,Champions
CUST10711,77,19527.1,19,2,1,2,212,New Customers
CUST10712,49,13125.9,17,2,1,1,211,New Customers
CUST10713,107,27701.45,23,1,3,4,134,At Risk
CUST10714,12,13656.35,16,4,1,1,411,Others
CUST10715,70,21794.46,24,2,3,3,233,At Risk
CUST10716,4,30340.3,31,5,5,5,555,Champions
CUST10717,4,25772.54,26,5,4,4,544,Champions
CUST10718,1,23920.64,21,5,2,3,523,Potential Loyalists
CUST10719,3,28344.0,23,5,3,5,535,Loyal Customers
CUST10720,4,35168.68,35,5,5,5,555,Champions
CUST10721,7,23759.260000000002,22,5,2,3,523,Potential Loyalists
CUST10722,49,27985.489999999998,27,2,4,5,245,At Risk
CUST10723,16,12865.45,19,4,1,1,411,Others
CUST10724,2,27372.260000000002,24,5,3,4,534,Loyal Customers
CUST10725,12,21723.2,20,4,2,3,423,Potential Loyalists
CUST10726,8,21731.940000000002,22,5,2,3,523,Potential Loyalists
CUST10727,115,26903.26,26,1,4,4,144,At Risk
CUST10728,16,18860.99,18,4,1,2,412,Others
CUST10729,36,5052.6900000000005,6,3,1,1,311,Others
CUST10730,69,21032.57,20,2,2,2,222,New Customers
CUST10731,77,20494.81,21,2,2,2,222,New Customers
CUST10732,83,28783.09,29,1,5,5,155,At Risk
CUST10733,36,25890.21,26,3,4,4,344,Loyal Customers
CUST10734,35,30211.98,30,3,5,5,355,Loyal Customers
CUST10735,1,26650.39,27,5,4,4,544,Champions
CUST10736,134,20743.1,22,1,2,2,122,Lost
CUST10737,105,18145.49,18,1,1,1,111,Lost
CUST10738,305,20721.98,23,1,3,2,132,At Risk
CUST10739,3,19495.04,20,5,2,2,522,Potential Loyalists
CUST10740,41,12293.19,15,3,1,1,311,Others
CUST10741,71,17101.420000000002,23,2,3,1,231,At Risk
CUST10742,10,29405.57,26,5,4,5,545,Champions
CUST10743,13,28176.99,33,4,5,5,455,Champions
CUST10744,33,23672.84,27,3,4,3,343,Loyal Customers
CUST10745,3,14006.23,21,5,2,1,521,Others
CUST10746,15,26244.16,25,4,4,4,444,Champions
CUST10747,4,23626.81,28,5,5,3,553,Loyal Customers
CUST10748,34,20786.26,21,3,2,2,322,Others
CUST10749,6,29668.14,27,5,4,5,545,Champions
CUST10750,104,15889.87,19,1,1,1,111,Lost
CUST10751,137,10536.13,15,1,1,1,111,Lost
CUST10752,10,35848.37,28,5,5,5,555,Champions
CUST10753,20,21106.39,19,4,1,2,412,Others
CUST10754,11,25437.19,21,5,2,4,524,Potential Loyalists
CUST10755,54,31264.05,28,2,5,5,255,At Risk
CUST10756,40,16036.83,12,3,1,1,311,Others
CUST10757,4,25630.57,26,5,4,4,544,Champions
CUST10758,19,29783.06,30,4,5,5,455,Champions
CUST10759,5,23852.67,27,5,4,3,543,Loyal Customers
CUST10760,213,18263.42,18,1,1,2,112,Lost
CUST10761,152,25740.25,24,1,3,4,134,At Risk
CUST10762,34,19526.58,23,3,3,2,332,Others
CUST10763,140,22951.77,23,1,3,3,133,At Risk
CUST10764,14,23822.0,24,4,3,3,433,Loyal Customers
CUST10765,90,14202.53,12,1,1,1,111,Lost
CUST10766,28,25673.55,27,3,4,4,344,Loyal Customers
CUST10767,77,30431.89,24,2,3,5,235,At Risk
CUST10768,13,17705.64,21,4,2,1,421,Others
CUST10769,1,25229.08,27,5,4,4,544,Champions
CUST10770,67,19415.59,26,2,4,2,242,At Risk
CUST10771,50,26455.82,26,2,4,4,244,At Risk
CUST10772,47,29948.850000000002,31,2,5,5,255,At Risk
CUST10773,32,25221.36,22,3,2,4,324,Big Spenders
CUST10774,18,22206.46,23,4,3,3,433,Loyal Customers
CUST10775,54,24696.28,27,2,4,4,244,At Risk
CUST10776,4,41050.76,33,5,5,5,555,Champions
CUST10777,32,26496.19,27,3,4,4,344,Loyal Customers
CUST10778,79,26091.739999999998,22,1,2,4,124,Lost
CUST10779,39,26214.1,26,3,4,4,344,Loyal Customers
CUST10780,36,24476.45,28,3,5,4,354,Loyal Customers
CUST10781,15,20433.5,24,4,3,2,432,Potential Loyalists
CUST10782,46,31020.65,29,2,5,5,255,At Risk
CUST10783,79,22564.98,17,1,1,3,113,Lost
CUST10784,1,17439.239999999998,19,5,1,1,511,Others
CUST10785,7,19512.46,18,5,1,2,512,Others
CUST10786,12,17571.94,22,4,2,1,421,Others
CUST10787,12,27403.98,29,4,5,4,454,Champions
CUST10788,59,30930.190000000002,25,2,4,5,245,At Risk
CUST10789,26,27519.93,29,3,5,4,354,Loyal Customers
CUST10790,71,18209.09,23,2,3,2,232,At Risk
CUST10791,15,18253.63,20,4,2,2,422,Potential Loyalists
CUST10792,109,28794.09,27,1,4,5,145,At Risk
CUST10793,91,21112.04,20,1,2,2,122,Lost
CUST10794,76,21193.38,23,2,3,2,232,At Risk
CUST10795,1,21806.47,21,5,2,3,523,Potential Loyalists
CUST10796,24,21956.21,22,4,2,3,423,Potential Loyalists
CUST10797,7,30935.2,29,5,5,5,555,Champions
CUST10798,403,17864.55,18,1,1,1,111,Lost
CUST10799,32,22146.55,19,3,1,3,313,Others
CUST10800,38,16643.15,19,3,1,1,311,Others
CUST10801,4,17885.86,15,5,1,1,511,Others
CUST10802,20,21800.81,23,4,3,3,433,Loyal Customers
CUST10803,53,31343.62,27,2,4,5,245,At Risk
CUST10804,12,16082.79,20,4,2,1,421,Others
CUST10805,36,27274.81,22,3,2,4,324,Big Spenders
CUST10806,4,25299.11,21,5,2,4,524,Potential Loyalists
CUST10807,56,15923.74,15,2,1,1,211,New Customers
CUST10808,2,23879.43,22,5,2,3,523,Potential Loyalists
CUST10809,1,15454.71,18,5,1,1,511,Others
CUST10810,23,14250.39,17,4,1,1,411,Others
CUST10811,77,23363.350000000002,26,2,4,3,243,At Risk
CUST10812,41,18133.48,16,3,1,1,311,Others
CUST10813,99,20536.39,27,1,4,2,142,At Risk
CUST10814,14,21941.29,22,4,2,3,423,Potential Loyalists
CUST10815,87,22271.44,16,1,1,3,113,Lost
CUST10816,20,27770.239999999998,26,4,4,4,444,Champions
CUST10817,150,20549.48,21,1,2,2,122,Lost
CUST10818,270,22551.33,21,1,2,3,123,Lost
CUST10819,203,28195.23,17,1,1,5,115,Lost
CUST10820,20,23497.05,22,4,2,3,423,Potential Loyalists
CUST10821,89,14003.31,15,1,1,1,111,Lost
CUST10822,17,22563.53,24,4,3,3,433,Loyal Customers
CUST10823,40,16619.39,19,3,1,1,311,Others
CUST10824,97,13214.18,15,1,1,1,111,Lost
CUST10825,47,25054.13,22,2,2,4,224,Others
CUST10826,146,13115.82,15,1,1,1,111,Lost
CUST10827,25,19921.81,19,3,1,2,312,Others
CUST10828,21,23479.19,24,4,3,3,433,Loyal Customers
CUST10829,64,27033.03,26,2,4,4,244,At Risk
CUST10830,9,21030.28,22,5,2,2,522,Potential Loyalists
CUST10831,46,36714.39,36,2,5,5,255,At Risk
CUST10832,7,17777.44,22,5,2,1,521,Others
CUST10833,7,30481.37,30,5,5,5,555,Champions
CUST10834,12,26357.44,24,4,3,4,434,Loyal Customers
CUST10835,53,22525.16,17,2,1,3,213,Others
CUST10836,3,19923.1,21,5,2,2,522,Potential Loyalists
CUST10837,42,15354.51,19,3,1,1,311,Others
CUST10838,10,23994.36,21,5,2,3,523,Potential Loyalists
CUST10839,149,19030.18,27,1,4,2,142,At Risk
CUST10840,97,35835.93,24,1,3,5,135,At Risk
CUST10841,43,25661.36,24,2,3,4,234,At Risk
CUST10842,2,22698.11,25,5,4,3,543,Loyal Customers
CUST10843,46,12559.82,19,2,1,1,211,New Customers
CUST10844,110,19339.18,18,1,1,2,112,Lost
CUST10845,368,16561.88,20,1,2,1,121,Lost
CUST10846,59,22163.36,25,2,4,3,243,At Risk
CUST10847,31,20806.64,21,3,2,2,322,Others
CUST10848,27,22324.81,23,3,3,3,333,Loyal Customers
CUST10849,15,22204.8,23,4,3,3,433,Loyal Customers
CUST10850,115,15421.67,16,1,1,1,111,Lost
CUST10851,26,33390.42,38,3,5,5,355,Loyal Customers
CUST10852,26,26406.03,24,3,3,4,334,Loyal Customers
CUST10853,3,14743.76,12,5,1,1,511,Others
CUST10854,18,32764.66,29,4,5,5,455,Champions
CUST10855,21,27415.04,24,4,3,4,434,Loyal Customers
CUST10856,158,22478.69,20,1,2,3,123,Lost
CUST10857,20,16668.03,16,4,1,1,411,Others
CUST10858,12,20033.5,21,4,2,2,422,Potential Loyalists
CUST10859,72,26617.02,23,2,3,4,234,At Risk
CUST10860,25,14256.91,15,3,1,1,311,Others
CUST10861,100,29502.27,26,1,4,5,145,At Risk
CUST10862,31,26850.95,27,3,4,4,344,Loyal Customers
CUST10863,57,20022.62,21,2,2,2,222,New Customers
CUST10864,15,24306.49,30,4,5,3,453,Loyal Customers
CUST10865,10,23217.07,21,5,2,3,523,Potential Loyalists
CUST10866,105,21494.56,22,1,2,3,123,Lost
CUST10867,130,18119.4,21,1,2,1,121,Lost
CUST10868,17,17401.79,21,4,2,1,421,Others
CUST10869,48,21041.14,23,2,3,2,232,At Risk
CUST10870,7,24694.72,22,5,2,4,524,Potential Loyalists
CUST10871,15,30129.99,27,4,4,5,445,Champions
CUST10872,13,22676.86,23,4,3,3,433,Loyal Customers
CUST10873,38,21159.68,28,3,5,2,352,Others
CUST10874,1,28196.940000000002,26,5,4,5,545,Champions
CUST10875,49,26126.71,30,2,5,4,254,At Risk
CUST10876,7,36661.47,29,5,5,5,555,Champions
CUST10877,26,22304.11,23,3,3,3,333,Loyal Customers
CUST10878,1,27597.7,27,5,4,4,544,Champions
CUST10879,77,35802.26,35,2,5,5,255,At Risk
CUST10880,32,28125.3,23,3,3,5,335,Loyal Customers
CUST10881,51,26680.21,27,2,4,4,244,At Risk
CUST10882,21,25680.32,25,4,4,4,444,Champions
CUST10883,36,28496.12,25,3,4,5,345,Loyal Customers
CUST10884,82,22064.54,21,1,2,3,123,Lost
CUST10885,13,17224.81,15,4,1,1,411,Others
CUST10886,12,29984.92,30,4,5,5,455,Champions
CUST10887,180,20054.98,25,1,4,2,142,At Risk
CUST10888,42,10537.46,15,3,1,1,311,Others
CUST10889,56,19827.05,19,2,1,2,212,New Customers
CUST10890,75,26338.17,22,2,2,4,224,Others
CUST10891,23,13832.57,16,4,1,1,411,Others
CUST10892,2,29606.61,28,5,5,5,555,Champions
CUST10893,20,28337.43,27,4,4,5,445,Champions
CUST10894,99,13560.69,17,1,1,1,111,Lost
CUST10895,11,17686.57,25,5,4,1,541,New Loyalists
CUST10896,9,31227.15,30,5,5,5,555,Champions
CUST10897,120,31665.44,30,1,5,5,155,At Risk
CUST10898,62,25784.1,20,2,2,4,224,Others
CUST10899,23,17193.22,15,4,1,1,411,Others
CUST10900,15,15691.76,15,4,1,1,411,Others
CUST10901,133,23355.42,24,1,3,3,133,At Risk
CUST10902,30,36752.84,25,3,4,5,345,Loyal Customers
CUST10903,34,22768.65,25,3,4,3,343,Loyal Customers
CUST10904,524,19849.489999999998,23,1,3,2,132,At Risk
CUST10905,4,27108.32,27,5,4,4,544,Champions
CUST10906,184,19197.04,20,1,2,2,122,Lost
CUST10907,17,13389.130000000001,18,4,1,1,411,Others
CUST10908,42,19158.38,23,3,3,2,332,Others
CUST10909,48,22205.51,23,2,3,3,233,At Risk
CUST10910,27,17808.24,17,3,1,1,311,Others
CUST10911,11,18957.46,22,5,2,2,522,Potential Loyalists
CUST10912,97,27124.53,22,1,2,4,124,Lost
CUST10913,223,18126.92,20,1,2,1,121,Lost
CUST10914,15,20289.16,22,4,2,2,422,Potential Loyalists
CUST10915,14,23520.31,22,4,2,3,423,Potential Loyalists
CUST10916,2,24754.51,26,5,4,4,544,Champions
CUST10917,17,15907.140000000001,15,4,1,1,411,Others
CUST10918,56,12886.98,15,2,1,1,211,New Customers
CUST10919,6,26190.28,27,5,4,4,544,Champions
CUST10920,65,18680.82,19,2,1,2,212,New Customers
CUST10921,39,17668.27,18,3,1,1,311,Others
CUST10922,1,19132.510000000002,19,5,1,2,512,Others
CUST10923,16,21375.34,23,4,3,3,433,Loyal Customers
CUST10924,28,26685.96,28,3,5,4,354,Loyal Customers
CUST10925,22,29265.13,29,4,5,5,455,Champions
CUST10926,64,23250.69,23,2,3,3,233,At Risk
CUST10927,25,27206.3,29,3,5,4,354,Loyal Customers
CUST10928,9,31764.98,29,5,5,5,555,Champions
CUST10929,109,13706.67,13,1,1,1,111,Lost
CUST10930,25,33656.340000000004,30,3,5,5,355,Loyal Customers
CUST10931,4,28500.11,28,5,5,5,555,Champions
CUST10932,30,16020.529999999999,19,3,1,1,311,Others
CUST10933,42,23303.18,19,3,1,3,313,Others
CUST10934,66,24971.54,22,2,2,4,224,Others
CUST10935,11,28915.94,29,5,5,5,555,Champions
CUST10936,19,24698.24,27,4,4,4,444,Champions
CUST10937,59,16258.94,26,2,4,1,241,At Risk
CUST10938,76,17689.95,19,2,1,1,211,New Customers
CUST10939,71,19939.08,18,2,1,2,212,New Customers
CUST10940,1,18430.21,20,5,2,2,522,Potential Loyalists
CUST10941,21,32591.3,32,4,5,5,455,Champions
CUST10942,1,16315.07,20,5,2,1,521,Others
CUST10943,28,20066.13,18,3,1,2,312,Others
CUST10944,40,44784.99,31,3,5,5,355,Loyal Customers
CUST10945,20,31920.010000000002,34,4,5,5,455,Champions
CUST10946,22,14499.78,16,4,1,1,411,Others
CUST10947,22,15859.869999999999,20,4,2,1,421,Others
CUST10948,52,13705.96,19,2,1,1,211,New Customers
CUST10949,12,17746.72,15,4,1,1,411,Others
CUST10950,56,29570.54,28,2,5,5,255,At Risk
CUST10951,17,23076.04,27,4,4,3,443,Loyal Customers
CUST10952,129,24999.45,22,1,2,4,124,Lost
CUST10953,44,24980.940000000002,23,2,3,4,234,At Risk
CUST10954,27,21868.97,20,3,2,3,323,Others
CUST10955,7,28094.190000000002,27,5,4,5,545,Champions
CUST10956,1,21801.31,23,5,3,3,533,Loyal Customers
CUST10957,19,24385.52,21,4,2,4,424,Potential Loyalists
CUST10958,8,27937.87,28,5,5,5,555,Champions
CUST10959,62,25566.5,30,2,5,4,254,At Risk
CUST10960,46,21344.57,23,2,3,3,233,At Risk
CUST10961,10,18227.68,18,5,1,2,512,Others
CUST10962,29,17069.37,18,3,1,1,311,Others
CUST10963,78,31282.64,29,1,5,5,155,At Risk
CUST10964,88,19290.6,21,1,2,2,122,Lost
CUST10965,24,25945.1,29,4,5,4,454,Champions
CUST10966,10,29347.84,27,5,4,5,545,Champions
CUST10967,125,18966.96,20,1,2,2,122,Lost
CUST10968,3,16979.79,18,5,1,1,511,Others
CUST10969,9,17819.05,17,5,1,1,511,Others
CUST10970,22,21921.0,24,4,3,3,433,Loyal Customers
CUST10971,13,26445.09,22,4,2,4,424,Potential Loyalists
CUST10972,21,14662.119999999999,20,4,2,1,421,Others
CUST10973,12,10375.619999999999,15,4,1,1,411,Others
CUST10974,26,27829.29,24,3,3,4,334,Loyal Customers
CUST10975,69,29704.0,28,2,5,5,255,At Risk
CUST10976,63,25589.31,24,2,3,4,234,At Risk
CUST10977,22,30372.82,27,4,4,5,445,Champions
CUST10978,109,23094.17,23,1,3,3,133,At Risk
CUST10979,24,13406.83,15,4,1,1,411,Others
CUST10980,25,14980.21,20,3,2,1,321,Others
CUST10981,24,17379.42,18,4,1,1,411,Others
CUST10982,29,18685.89,17,3,1,2,312,Others
CUST10983,36,29173.42,28,3,5,5,355,Loyal Customers
CUST10984,184,27261.55,25,1,4,4,144,At Risk
CUST10985,26,25912.05,29,3,5,4,354,Loyal Customers
CUST10986,83,18609.5,24,1,3,2,132,At Risk
CUST10987,58,25293.3,20,2,2,4,224,Others
CUST10988,53,16806.78,17,2,1,1,211,New Customers
CUST10989,77,32468.32,28,2,5,5,255,At Risk
CUST10990,52,23696.46,23,2,3,3,233,At Risk
CUST10991,32,23621.72,21,3,2,3,323,Others
CUST10992,60,12437.01,19,2,1,1,211,New Customers
CUST10993,43,29290.19,25,2,4,5,245,At Risk
CUST10994,23,29266.57,25,4,4,5,445,Champions
CUST10995,402,24325.19,21,1,2,3,123,Lost
CUST10996,15,21809.11,21,4,2,3,423,Potential Loyalists
CUST10997,32,21120.48,20,3,2,2,322,Others
CUST10998,126,29494.56,25,1,4,5,145,At Risk
CUST10999,5,22028.01,23,5,3,3,533,Loyal Customers
